Titel,Slug,"Post Date","Expiry Date",Enabled,Status,Link,Logo
"Wolter Kluwers",wolter-kluwers,2015-01-30,,Yes,live,,wolterw323w-clu11wers
TopGear,topgea,2015-01-30,,Yes,live,,topgea53r
"United Nations",united-nations,2015-01-30,,Yes,live,,u21n
TNT,tnt,2015-01-30,,Yes,live,,tn2t
TNO,tno,2015-01-30,,Yes,live,,TNO
Taser,taser,2015-01-30,,Yes,live,,tasr
Soosr,soosr,2015-01-30,,Yes,live,,soo3sr
SFMOMA,sfmoma,2015-01-30,,Yes,live,,SFMOAI
RLVNT,rlvnt,2015-01-30,,Yes,live,,rl332avnt
Rabobank,rabobank,2015-01-30,,Yes,live,,rabobank0
Redevco,redevco,2015-01-30,,Yes,live,,redevcos1
OMD,omd,2015-01-30,,Yes,live,,O232MD
Nestle,nestle,2015-01-30,,Yes,live,,Ne3stle
"Magic Group Media",magic-group-media,2015-01-30,,Yes,live,,mgic
Kuoni,kuoni,2015-01-30,,Yes,live,,kuoni-management
HouthoffBuruma,houthoffburuma,2015-01-30,,Yes,live,,houthoffburema
Hi-Tech,hi-te,2015-01-30,,Yes,live,,hite2c
HBO,hbo,2015-01-30,,Yes,live,,HB32O2
"Exterion Media",exterion,2015-01-30,,Yes,live,,EXTRION2
Flowtraders,flowtraders,2015-01-30,,Yes,live,,FLOWTRADERS2
CoolBlue,coolblue,2015-01-30,,Yes,live,,coolblu2e
"Boon Edam",boon-edam,2015-01-30,,Yes,live,,boon-edam
BCG,bc,2015-01-30,,Yes,live,,bcg2
Balance,balance,2015-01-30,,Yes,live,,balance2
BBC,bbcv,2015-01-30,,Yes,live,,bbc2
Amref,amref,2015-01-30,,Yes,live,,AMREF3
"American Express",american-exp,2015-01-30,,Yes,live,,AMeeARICANEXPRESS3
Adidas,adidas,2015-01-30,,Yes,live,,adidas5
agriMORE,agrimore,2015-01-30,,Yes,live,,agrimore2
Albelli,a,2015-01-30,,Yes,live,,Albelli2
Ricoh,ricoh,2015-01-30,,Yes,live,,"99 ricoh"
Achmea,achmea,2015-01-30,,Yes,live,,achme2a-copy
Noodle,noodle,2015-01-30,,Yes,live,,noodle
Nuon,nuon,2015-01-30,,Yes,live,,nu3on
Philips,philips,2015-01-30,,Yes,live,,"8 philips"
"Orange Babies",orange-babies,2015-01-30,,Yes,live,,"7 orangebabies"
Oracle,oracle,2015-01-30,,Yes,live,,"75 oracle"
"Gemeente Amsterdam",gemeente-amsterdam,2015-01-30,,Yes,live,,gemeenterotterdam
Starbucks,starbucks,2015-01-30,,Yes,live,,starns
SkyRadio,skyradio,2015-01-30,,Yes,live,,"74 skyradio"
ING,ing,2015-01-30,,Yes,live,,"72 ING"
"Value Enigneers",value-enigneers,2015-01-30,,Yes,live,,"71 Valueingeneers"
Johnson&Johnson,johnson-johnson,2015-01-30,,Yes,live,,-
PWC,pwc,2015-01-30,,Yes,live,,"67b PWC"
Staples,staples,2015-01-30,,Yes,live,,staple3s
CBS,cbs,2015-01-30,,Yes,live,,cbs122
Shimano,shimano,2015-01-30,,Yes,live,,"60 shimano"
Iamsterdam,iamsterdam,2015-01-30,,Yes,live,,"56 Iamsterdam v2"
IDH,idh,2015-01-30,,Yes,live,,"54 msso"
Zeal,zeal,2015-01-30,,Yes,live,,topg21sear
Securitas,securitas,2015-01-30,,Yes,live,,securi2tas
CBRE,cbre,2015-01-30,,Yes,live,,cb3re
MTV,mtv,2015-01-30,,Yes,live,,m3Tv
"van Landschot",van-land,2015-01-30,,Yes,live,,"41 lanschot"
Coca-Cola,coca-cola,2015-01-30,,Yes,live,,cocaw2
Lenovo,lenovo,2015-01-30,,Yes,live,,"3 lenovo"
Danone,danone,2015-01-30,,Yes,live,,"37 da2one"
TomTom,tomtom,2015-01-30,,Yes,live,,"35 tomtom"
Vodafone,vodafone,2015-01-30,,Yes,live,,"34 vodafone"
HVA,hva,2015-01-30,,Yes,live,,"31 hogeschoolamstredam"
ABN-AMRO,abn-amro,2015-01-30,,Yes,live,,"30 ABNAMRO"
Ogilvy,ogilvy,2015-01-30,,Yes,live,,ogli
Prezi,prezi,2015-01-30,,Yes,live,,"27 Prezi"
NKI,nki,2015-01-30,,Yes,live,,"25 Nederlandskankerinstituut"
SBS,sbs,2015-01-30,,Yes,live,,sb3s
Randstad,randstad,2015-01-30,,Yes,live,,"20 Randstad"
Kempen&co,kempen-co,2015-01-30,,Yes,live,,"18 kempenco"
Saatchi&Saatchi,saatchi-saatchi,2015-01-30,,Yes,live,,"13 saastchi-saatchi"
Rijksoverheid,rijksoverheid,2015-01-30,,Yes,live,,"11 Rijksoverheid"
